feature,obs_freq,null_mean,null_std,rel_risk,z_score,p_montecarlo,p_value,p_fdr,n_events,k_controls,direction
aspect|Mercury|Jupiter|conjunction,0.08136234626300852,0.05961210974456013,0.00577073448957943,1.3648627202031411,3.7690586107754784,0.009950248756218905,0.00016386440950942575,0.06521803498475144,1057,200,exceso
house|Uranus|12,0.10596026490066225,0.08243614001892134,0.008673335515318716,1.285361794915937,2.712235084206411,0.029850746268656716,0.0066831177440937655,0.5083871679625125,1057,200,exceso
house|Mercury|9,0.10690633869441817,0.08382686849574253,0.008655280717121978,1.2753230630325623,2.6665189672034044,0.029850746268656716,0.007664128160238882,0.5083871679625125,1057,200,exceso
aspect|Venus|Saturn|square,0.09366130558183539,0.07691106906338675,0.006026039227059281,1.217787071775635,2.779642794762022,0.009950248756218905,0.005441872208731115,0.5083871679625125,1057,200,exceso
aspect|Moon|Jupiter|opposition,0.027436140018921477,0.043949858088930954,0.0060073505323488055,0.6242600365945536,-2.7489186757265522,0.01990049751243781,0.005979221915089558,0.5083871679625125,1057,200,déficit
aspect|Mercury|Saturn|sextile,0.08325449385052035,0.06520813623462626,0.006332576719904171,1.2767500906782743,2.8497653347288896,0.029850746268656716,0.00437514958798883,0.5083871679625125,1057,200,exceso
aspect|Moon|Neptune|square,0.09933774834437085,0.07764900662251634,0.008325264349718989,1.2793176972281486,2.605171536995891,0.009950248756218905,0.009182827304149599,0.5221093238645057,1057,200,exceso
house|Mercury|6,0.06244087038789026,0.08255912961210958,0.008460068740286172,0.7563169655646609,-2.378025503317459,0.01990049751243781,0.017405622044826145,0.6855820428945263,1057,200,déficit
house|Moon|5,0.06433301797540208,0.08358561967833479,0.008312727744269818,0.7696661007357114,-2.316039006113731,0.03980099502487562,0.020556139049252006,0.6855820428945263,1057,200,déficit
aspect|Venus|Mars|trine,0.09082308420056764,0.0746168401135287,0.006912818868016886,1.2171928489920147,2.3443756297477103,0.029850746268656716,0.01905896575052879,0.6855820428945263,1057,200,exceso
house|Venus|2,0.10028382213812677,0.08268684957426663,0.007604754266565134,1.2128146453089268,2.3139436130404025,0.05970149253731343,0.02067081536365406,0.6855820428945263,1057,200,exceso
aspect|Moon|Pluto|square,0.0586565752128666,0.07810312204351923,0.008188955005927733,0.7510144751983542,-2.374728743359301,0.01990049751243781,0.017561850918343475,0.6855820428945263,1057,200,déficit
aspect|Jupiter|Neptune|opposition,0.039735099337748346,0.03455534531693466,0.00230755148350199,1.1498973305954847,2.244697055665592,0.05970149253731343,0.024787587197865765,0.7588815157500441,1057,200,exceso
house|Uranus|4,0.065279091769158,0.08414853358561959,0.008618462742584928,0.775760301309799,-2.189420825969957,0.01990049751243781,0.028566267334419755,0.8010043876973553,1057,200,déficit
aspect|Sun|Pluto|sextile,0.05392620624408704,0.0684484389782402,0.006699661580008143,0.7878369039391857,-2.1676069098008837,0.029850746268656716,0.03018860757653349,0.8010043876973553,1057,200,déficit
house|Mars|11,0.06622516556291391,0.08331125827814555,0.008019652673641959,0.7949125596184434,-2.130527768538926,0.029850746268656716,0.03312806577584369,0.8240606361741118,1057,200,déficit
aspect|Moon|Neptune|conjunction,0.03216650898770104,0.0453405865657522,0.006278365021001369,0.7094418362023985,-2.098329347526524,0.029850746268656716,0.03587606176528796,0.839921916622624,1057,200,déficit
aspect|Moon|Mercury|conjunction,0.03405865657521287,0.04397824030274364,0.006201266405404157,0.774443368828654,-1.599606125433709,0.13930348258706468,0.10968598872665604,0.8996515266366957,1057,200,déficit
aspect|Sun|Uranus|opposition,0.02838221381267739,0.03774834437086085,0.005549838563404603,0.7518796992481218,-1.687640181093433,0.14925373134328357,0.09148032109631102,0.8996515266366957,1057,200,déficit
house|Saturn|1,0.06717123935666983,0.08296594134342467,0.008916014227690734,0.8096242659216616,-1.7714980689129853,0.09950248756218906,0.07647791352283996,0.8996515266366957,1057,200,déficit
house|Saturn|2,0.09933774834437085,0.08415326395458839,0.00881380632262223,1.1804384485666113,1.722806677837785,0.14925373134328357,0.08492349077699497,0.8996515266366957,1057,200,exceso
aspect|Sun|Pluto|opposition,0.05676442762535478,0.04597445600756862,0.005766919966464493,1.2346949274616723,1.8710111602955244,0.06965174129353234,0.061343534138128764,0.8996515266366957,1057,200,exceso
angular|Uranus|DSC,0.03405865657521287,0.04419583727530751,0.005756990768481017,0.7706304184951296,-1.7608471348598906,0.07960199004975124,0.07826427959311336,0.8996515266366957,1057,200,déficit
aspect|Sun|Jupiter|square,0.06244087038789026,0.077270577105014,0.007360064057868548,0.8080808080808101,-2.01488826734728,0.04975124378109453,0.04391635760614247,0.8996515266366957,1057,200,déficit
house|Saturn|10,0.09933774834437085,0.08493850520340576,0.008556114432292605,1.1695255067943877,1.6829184853605126,0.11940298507462686,0.0923908725606684,0.8996515266366957,1057,200,exceso
house|Neptune|10,0.09839167455061495,0.0830794701986754,0.008899290849587686,1.1843079200592168,1.720609496952107,0.09950248756218906,0.0853217089686877,0.8996515266366957,1057,200,exceso
house|Pluto|8,0.09933774834437085,0.08381740775780498,0.008367384144550113,1.185168463231561,1.8548617248169081,0.10945273631840796,0.06361597493182344,0.8996515266366957,1057,200,exceso
aspect|Sun|Saturn|opposition,0.05392620624408704,0.04484389782403032,0.005376118527950024,1.2025316455696191,1.6893802420535382,0.10945273631840796,0.0911465848698848,0.8996515266366957,1057,200,exceso
house|Pluto|11,0.09555345316934721,0.08228476821192043,0.008296310350327685,1.1612532336878427,1.5993477096601982,0.1791044776119403,0.10974336410484298,0.8996515266366957,1057,200,exceso
house|Neptune|7,0.07000946073793755,0.08453169347209073,0.007599281463812788,0.8282036933407955,-1.911000770705358,0.04975124378109453,0.056004481852458265,0.8996515266366957,1057,200,déficit
house|Neptune|6,0.09366130558183539,0.08022232734153244,0.008149644346136737,1.1675216699097855,1.6490263463673198,0.12935323383084577,0.09914223731511564,0.8996515266366957,1057,200,exceso
house|Neptune|5,0.06811731315042574,0.0810075685903499,0.007672725030889131,0.8408759124087608,-1.6800100861206553,0.08955223880597014,0.09295535334265399,0.8996515266366957,1057,200,déficit
aspect|Mercury|Saturn|conjunction,0.0586565752128666,0.04830179754020819,0.00543949332392751,1.2143766526295157,1.9036290801404805,0.06965174129353234,0.05695850873634005,0.8996515266366957,1057,200,exceso
aspect|Venus|Jupiter|conjunction,0.06433301797540208,0.05287606433301808,0.00609800361495712,1.2166756128108762,1.8788040096077523,0.07960199004975124,0.06027125936910771,0.8996515266366957,1057,200,exceso
aspect|Mercury|Neptune|opposition,0.04541154210028382,0.03728003784295167,0.005098820455834182,1.2181195279786856,1.5947814455847154,0.12935323383084577,0.11076111760100023,0.8996515266366957,1057,200,exceso
aspect|Mercury|Pluto|square,0.08514664143803216,0.07195837275307461,0.0066814366989861335,1.183276360767817,1.97386719041412,0.05970149253731343,0.04839684631857447,0.8996515266366957,1057,200,exceso
aspect|Venus|Uranus|sextile,0.07852412488174078,0.06606906338694413,0.007128377761112478,1.1885157872127168,1.7472504842185685,0.12935323383084577,0.08059389808431508,0.8996515266366957,1057,200,exceso
aspect|Saturn|Uranus|trine,0.06244087038789026,0.06700094607379366,0.0024398533797899582,0.9319401299068074,-1.8689957862533393,0.08955223880597014,0.061623400626143195,0.8996515266366957,1057,200,déficit
aspect|Moon|Uranus|square,0.08987701040681173,0.07646168401135271,0.007431717111749908,1.175451620885922,1.8051449205794892,0.07960199004975124,0.07105200730009152,0.8996515266366957,1057,200,exceso
aspect|Moon|Saturn|sextile,0.052980132450331126,0.06685430463576152,0.008207926026191643,0.7924715205547309,-1.6903383560180307,0.14925373134328357,0.09096324104312242,0.8996515266366957,1057,200,déficit
house|Uranus|8,0.06811731315042574,0.0830085146641437,0.00809867869509287,0.8206063369044916,-1.8387198794219113,0.07960199004975124,0.06595639792148952,0.8996515266366957,1057,200,déficit
house|Neptune|1,0.09649952696310313,0.08326868495742655,0.008289823812572155,1.158893370448221,1.596034162464465,0.13930348258706468,0.11048116629153448,0.8996515266366957,1057,200,exceso
house|Venus|5,0.06622516556291391,0.08253547776726576,0.008461005715567701,0.8023842274186163,-1.9277037213604444,0.06965174129353234,0.05389198896485747,0.8996515266366957,1057,200,déficit
aspect|Moon|Mars|conjunction,0.03405865657521287,0.04433774834437086,0.006040859208757103,0.7681638749599915,-1.7015943285446804,0.09950248756218906,0.08883144142468888,0.8996515266366957,1057,200,déficit
aspect|Saturn|Uranus|square,0.08893093661305582,0.09391674550614969,0.00307728589731137,0.9469124609650427,-1.6201968421101143,0.1791044776119403,0.10518999957299409,0.8996515266366957,1057,200,déficit
house|Sun|9,0.10028382213812677,0.08420529801324497,0.00873525007274582,1.1909443289702835,1.840648406282856,0.08955223880597014,0.0656730992124105,0.8996515266366957,1057,200,exceso
house|Sun|12,0.07095553453169347,0.08482497634815504,0.008400828619531727,0.8364934195851004,-1.650961166403925,0.14925373134328357,0.09874650468182301,0.8996515266366957,1057,200,déficit
house|Sun|2,0.09649952696310313,0.08256385998107837,0.008594167799331313,1.1687865245788953,1.621526052017398,0.10945273631840796,0.10490486739879627,0.8996515266366957,1057,200,exceso
aspect|Mercury|Uranus|trine,0.10028382213812677,0.08572374645222322,0.008067267115795354,1.1698488025604246,1.8048337159179422,0.07960199004975124,0.07110070667568064,0.8996515266366957,1057,200,exceso
house|Mars|8,0.06906338694418164,0.0830510879848627,0.00883629630076699,0.8315771487156132,-1.5829823451559597,0.10945273631840796,0.11342548843731652,0.9028668879610394,1057,200,déficit
aspect|Sun|Mars|trine,0.04068117313150426,0.04859035004730378,0.005181894298256886,0.8372274143302165,-1.526309967082898,0.1691542288557214,0.12693268759071913,0.9504644240061049,1057,200,déficit
lunar_phase|cuarto_menguante,0.14191106906338694,0.12649006622516554,0.010157252498586641,1.1219147344801796,1.5182258037168217,0.1691542288557214,0.1289574846641449,0.9504644240061049,1057,200,exceso
house|Pluto|5,0.0728476821192053,0.08342005676442749,0.006955711097371951,0.8732633966543819,-1.5199559753447365,0.13930348258706468,0.12852204069271364,0.9504644240061049,1057,200,déficit
house|Jupiter|8,0.09649952696310313,0.08391201513718057,0.00821664521268572,1.150008455944531,1.531952700901414,0.13930348258706468,0.1255341071208319,0.9504644240061049,1057,200,exceso
aspect|Sun|Moon|conjunction,0.03405865657521287,0.04342478713339641,0.006307713250281534,0.7843137254901961,-1.4848694267713423,0.1890547263681592,0.1375784162749663,0.9612302595028812,1057,200,déficit
house|Uranus|2,0.0946073793755913,0.08200567644276241,0.008540645495615198,1.1536686663590234,1.475497717274257,0.1890547263681592,0.14007878153559575,0.9612302595028812,1057,200,exceso
aspect|Venus|Mars|conjunction,0.07379375591296121,0.08344843897824016,0.006503820152627416,0.8843036109064127,-1.4844634136106367,0.12935323383084577,0.13768602234301186,0.9612302595028812,1057,200,déficit
aspect|Jupiter|Saturn|sextile,0.07757805108798486,0.07320719016083235,0.00292263565498987,1.0597053502196978,1.49552029165526,0.19900497512437812,0.13477870818964718,0.9612302595028812,1057,200,exceso
house|Saturn|12,0.07095553453169347,0.083538315988647,0.00868334988153231,0.8493771234428097,-1.4490699590159906,0.1890547263681592,0.14731804641892507,0.9937725843174945,1057,200,déficit
angular|Jupiter|IC,0.05392620624408704,0.04489120151371808,0.006277514248524254,1.2012644889357216,1.4392647109471632,0.1691542288557214,0.15007553714813687,0.9955010630826412,1057,200,exceso
angular|Moon|ASC,0.03595080416272469,0.044058656575212865,0.006289511132720863,0.8159759501825209,-1.2891069339725758,0.22885572139303484,0.19736091327768013,0.9964460627800001,1057,200,déficit
house|Pluto|12,0.07473982970671712,0.0851182592242194,0.0076536335926565575,0.8780704679337566,-1.3560133748054097,0.208955223880597,0.1750949125848627,0.9964460627800001,1057,200,déficit
house|Neptune|8,0.07473982970671712,0.08548249763481547,0.008475695351872849,0.8743290354711974,-1.267467444511744,0.21890547263681592,0.2049881972077389,0.9964460627800001,1057,200,déficit
aspect|Sun|Pluto|square,0.06338694418164617,0.07328287606433284,0.007481829200512403,0.8649625613219748,-1.322662094719956,0.23880597014925373,0.18594777438550208,0.9964460627800001,1057,200,déficit
aspect|Sun|Neptune|square,0.06906338694418164,0.07852885525070935,0.007292261389432687,0.8794650924643116,-1.2980154990390562,0.208955223880597,0.1942820091088187,0.9964460627800001,1057,200,déficit
aspect|Sun|Neptune|sextile,0.07663197729422895,0.06770104068117305,0.0070304495160928545,1.1319172722191182,1.2703222735065214,0.2885572139303483,0.20396985734327075,0.9964460627800001,1057,200,exceso
house|Mercury|10,0.07190160832544938,0.08392620624408696,0.008488788719165403,0.8567241573667013,-1.4165269411746897,0.19900497512437812,0.15662128194627437,0.9964460627800001,1057,200,déficit
house|Jupiter|5,0.07190160832544938,0.08294701986754954,0.008474655181853207,0.8668377530652992,-1.3033464259114305,0.1890547263681592,0.19245651790475177,0.9964460627800001,1057,200,déficit
house|Mars|12,0.09366130558183539,0.08289971617786174,0.007798893527695383,1.129814550641942,1.3798866936389318,0.1691542288557214,0.1676215341979136,0.9964460627800001,1057,200,exceso
house|Mars|7,0.0946073793755913,0.08274361400189202,0.008676530639544763,1.1433798307797869,1.3673397659230466,0.208955223880597,0.17151883278757288,0.9964460627800001,1057,200,exceso
house|Mars|2,0.09555345316934721,0.08371807000946062,0.00832907362769381,1.1413719064301069,1.420972330048141,0.1691542288557214,0.1553248036731119,0.9964460627800001,1057,200,exceso
house|Mercury|2,0.0946073793755913,0.08355250709555335,0.00852209716620687,1.1323104795334895,1.297200919496016,0.25870646766169153,0.19456206444584814,0.9964460627800001,1057,200,exceso
aspect|Moon|Venus|square,0.06717123935666983,0.0779943235572373,0.00835745669180976,0.8612324114507539,-1.295021272580929,0.21890547263681592,0.19531289122563747,0.9964460627800001,1057,200,déficit
aspect|Saturn|Neptune|sextile,0.08893093661305582,0.08598864711447474,0.002318930833632748,1.0342171856089801,1.2688129615197716,0.25870646766169153,0.20450778114936255,0.9964460627800001,1057,200,exceso
aspect|Jupiter|Saturn|trine,0.07379375591296121,0.0784058656575211,0.00360651906984724,0.9411764705882375,-1.2788258304579665,0.29850746268656714,0.20095839568127644,0.9964460627800001,1057,200,déficit
aspect|Mars|Saturn|conjunction,0.05487228003784295,0.04883632923368032,0.0047918305496381505,1.1235955056179754,1.2596336079994375,0.31840796019900497,0.2078015658561307,0.9964460627800001,1057,200,exceso
aspect|Mercury|Neptune|trine,0.07757805108798486,0.08703405865657517,0.007307664778802904,0.89135279091255,-1.2939848576550779,0.23880597014925373,0.19567065124870878,0.9964460627800001,1057,200,déficit
aspect|Venus|Neptune|trine,0.0804162724692526,0.09017029328287608,0.0075878142590544,0.891826670863498,-1.2854849210342993,0.1890547263681592,0.19862288270174244,0.9964460627800001,1057,200,déficit
aspect|Moon|Uranus|sextile,0.05771050141911069,0.06714758751182584,0.0072699860535843435,0.8594575554772818,-1.298088610233627,0.25870646766169153,0.19425688769620175,0.9964460627800001,1057,200,déficit
aspect|Mercury|Saturn|opposition,0.052980132450331126,0.04546357615894045,0.005580709183075918,1.1653313911143468,1.3468819185535446,0.208955223880597,0.17801826583699384,0.9964460627800001,1057,200,exceso
angular|Jupiter|MC,0.03595080416272469,0.04506149479659415,0.006908262876056288,0.7978165022044926,-1.31881064709432,0.14925373134328357,0.18723242387584557,0.9964460627800001,1057,200,déficit
angular|Uranus|MC,0.036896877956480605,0.04455534531693473,0.006069768212994999,0.8281133878331031,-1.261739673033613,0.208955223880597,0.20704247617594726,0.9964460627800001,1057,200,déficit
angular|Pluto|MC,0.036896877956480605,0.04517975402081367,0.0059219140847731515,0.8166684116846394,-1.3986822412082254,0.24875621890547264,0.16190829194552328,0.9964460627800001,1057,200,déficit
angular|Pluto|DSC,0.0510879848628193,0.045179754020813666,0.006889478365170405,1.1307716469479625,0.8575730307644993,0.3681592039800995,0.3911282723324965,1.0,1057,200,exceso
angular|Pluto|ASC,0.052980132450331126,0.04617786187322619,0.00701684154751384,1.1473058799426328,0.9694205763439345,0.3681592039800995,0.3323353900847206,1.0,1057,200,exceso
angular|Neptune|IC,0.036896877956480605,0.045179754020813645,0.006884906927972107,0.81666841168464,-1.2030483710217261,0.22885572139303484,0.22895760273241167,1.0,1057,200,déficit
angular|Neptune|MC,0.0510879848628193,0.04441343424787134,0.005795782967586396,1.1502822451805301,1.1516219037662678,0.31840796019900497,0.24947647654959093,1.0,1057,200,exceso
angular|Neptune|DSC,0.03784295175023652,0.04515610217596978,0.0062003470218668895,0.8380473496752557,-1.1794743745699754,0.26865671641791045,0.23820933477140055,1.0,1057,200,déficit
angular|Neptune|ASC,0.04541154210028382,0.0442431409649953,0.006542900231493525,1.026408638939377,0.17857541670352142,0.9253731343283582,0.8582710988117557,1.0,1057,200,exceso
angular|Uranus|IC,0.03878902554399243,0.044380321665089886,0.006218079595943612,0.8740140694947771,-0.8991998308842746,0.417910447761194,0.3685462304130152,1.0,1057,200,déficit
aspect|Sun|Moon|square,0.07947019867549669,0.0800756859035003,0.009628049474305527,0.9924385633270344,-0.06288783928868187,1.0,0.9498558185185263,1.0,1057,200,déficit
aspect|Sun|Mars|opposition,0.01608325449385052,0.013897824030274375,0.002922374023128246,1.1572498298162004,0.747827090673616,0.5970149253731343,0.4545644593450462,1.0,1057,200,exceso
aspect|Sun|Jupiter|conjunction,0.05581835383159887,0.052194891201513854,0.00573721605445631,1.0694217872031875,0.631571583794641,0.5671641791044776,0.5276668597416041,1.0,1057,200,exceso
aspect|Sun|Jupiter|sextile,0.07095553453169347,0.07859508041627225,0.007093057090708141,0.9027986758952778,-1.0770455935828485,0.27860696517412936,0.2814598972539399,1.0,1057,200,déficit
aspect|Sun|Jupiter|trine,0.07190160832544938,0.07687322611163652,0.0072814596289843435,0.9353270567965071,-0.6827776351869451,0.5074626865671642,0.49474736388453827,1.0,1057,200,déficit
aspect|Sun|Jupiter|opposition,0.03122043519394513,0.034077578051087944,0.00501509251840382,0.9161576901721278,-0.5697089030078697,0.6467661691542289,0.5688751506056532,1.0,1057,200,déficit
aspect|Sun|Saturn|conjunction,0.05581835383159887,0.05091296121097456,0.00592615064832197,1.0963486016909763,0.8277536147369635,0.5174129353233831,0.4078100487928025,1.0,1057,200,exceso
aspect|Sun|Mars|square,0.0728476821192053,0.07519867549668856,0.006597665204557151,0.9687362395420543,-0.3563371745294654,0.7661691542288557,0.7215880727428714,1.0,1057,200,déficit
angular|Venus|ASC,0.03878902554399243,0.044323557237464506,0.006703688424296594,0.875133404482391,-0.8255950072818014,0.47761194029850745,0.40903386827916227,1.0,1057,200,déficit
angular|Venus|DSC,0.041627246925260174,0.04365657521286661,0.00617904698186349,0.9535160905840285,-0.32842091888325897,0.8955223880597015,0.7425934283798769,1.0,1057,200,déficit
angular|Venus|MC,0.04730368968779565,0.044139072847682155,0.006395941485278769,1.0716964955524586,0.4947851457674122,0.7164179104477612,0.620751790815155,1.0,1057,200,exceso
angular|Venus|IC,0.04541154210028382,0.04453642384105963,0.006168512477401329,1.019649495485926,0.14186860485898892,0.8855721393034826,0.8871837931408346,1.0,1057,200,exceso
angular|Mars|ASC,0.048249763481551564,0.04366603595080415,0.005877391194022052,1.104972375690608,0.7798915163941385,0.46766169154228854,0.4354547324147232,1.0,1057,200,exceso
angular|Mars|DSC,0.050141911069063384,0.04421948912015141,0.006164356749041234,1.1339323919554976,0.9607526283797756,0.3283582089552239,0.3366765624330786,1.0,1057,200,exceso
angular|Mars|MC,0.04919583727530748,0.045714285714285735,0.006506905497066898,1.0761589403973506,0.5350548832453633,0.6766169154228856,0.5926119065226803,1.0,1057,200,exceso
angular|Mars|IC,0.04541154210028382,0.04465941343424789,0.006241981536350855,1.0168414362885283,0.12049517635639097,1.0,0.9040909005166482,1.0,1057,200,exceso
angular|Jupiter|ASC,0.04068117313150426,0.04429044465468307,0.006300633957201163,0.9185090248851864,-0.5728425976966456,0.6069651741293532,0.5667512738003783,1.0,1057,200,déficit
angular|Jupiter|DSC,0.04730368968779565,0.04526017029328291,0.006868517876230165,1.0451505016722402,0.2975197024069395,0.7860696517412935,0.7660697682924287,1.0,1057,200,exceso
angular|Saturn|ASC,0.041627246925260174,0.043987701040681185,0.006477973692690053,0.9463383159479513,-0.3643815531521255,0.8159203980099502,0.7155731084962781,1.0,1057,200,déficit
angular|Saturn|DSC,0.04919583727530748,0.04304162724692526,0.0061180384173903325,1.1429827453566328,1.005912288959983,0.3681592039800995,0.314457764252841,1.0,1057,200,exceso
angular|Saturn|MC,0.04730368968779565,0.04398297067171236,0.0059525891916001016,1.0755001075500115,0.5578612783776957,0.5771144278606966,0.5769391145316622,1.0,1057,200,exceso
angular|Pluto|IC,0.04446546830652791,0.04579943235572377,0.005828279777493273,0.9708737864077664,-0.22887783361861821,0.9950248756218906,0.8189638695051428,1.0,1057,200,déficit
aspect|Moon|Uranus|opposition,0.04257332071901608,0.044564806054872286,0.0063151229213311,0.955312599511729,-0.3153517929365087,0.8159203980099502,0.7524945644544154,1.0,1057,200,déficit
aspect|Moon|Neptune|sextile,0.06054872280037843,0.06580416272469247,0.007130850720497387,0.9201351448494005,-0.7370004127568482,0.5074626865671642,0.46112209835829004,1.0,1057,200,déficit
aspect|Moon|Neptune|trine,0.08893093661305582,0.09016556291390733,0.009111123062718319,0.9863071192487273,-0.1355075869739334,0.945273631840796,0.8922105660488575,1.0,1057,200,déficit
aspect|Moon|Neptune|opposition,0.043519394512771994,0.04534531693472098,0.005949203147655506,0.959732943876485,-0.3069188220053559,0.8258706467661692,0.7589051621758112,1.0,1057,200,déficit
aspect|Moon|Pluto|conjunction,0.04257332071901608,0.04423841059602649,0.005916399356039293,0.9623609923011119,-0.281436356271443,0.845771144278607,0.778375736229667,1.0,1057,200,déficit
aspect|Moon|Pluto|sextile,0.0586565752128666,0.06699621570482493,0.007714606240655416,0.8755207230106621,-1.081019592161299,0.3582089552238806,0.27968839862095296,1.0,1057,200,déficit
aspect|Mercury|Jupiter|trine,0.08230842005676443,0.08018448438978222,0.007372617656772253,1.0264881127957077,0.2880843366441542,0.845771144278607,0.7732821821574057,1.0,1057,200,exceso
aspect|Mercury|Jupiter|opposition,0.03122043519394513,0.03657048249763475,0.004846000238884922,0.853705859526583,-1.1040130086581836,0.2885572139303483,0.26958749473045907,1.0,1057,200,déficit
aspect|Mercury|Saturn|square,0.06717123935666983,0.0708041627246924,0.007190986504132362,0.9486905398182809,-0.5052051434020738,0.7164179104477612,0.6134147581535792,1.0,1057,200,déficit
aspect|Mercury|Saturn|trine,0.07663197729422895,0.07827814569536405,0.006509310532286639,0.9789702683103721,-0.2528944337453236,0.8656716417910447,0.8003497909234223,1.0,1057,200,déficit
aspect|Mercury|Uranus|conjunction,0.048249763481551564,0.04755439924314106,0.005471054437566294,1.0146225007460439,0.12709876064033912,0.9552238805970149,0.8988622323736628,1.0,1057,200,exceso
aspect|Mercury|Uranus|sextile,0.06338694418164617,0.06963576158940384,0.0069223035943826675,0.9102642483526953,-0.9027077940973977,0.43781094527363185,0.3666809987665883,1.0,1057,200,déficit
aspect|Mercury|Uranus|square,0.08230842005676443,0.07998580889309345,0.006688943416718993,1.0290377905257584,0.34723139649613755,0.7661691542288557,0.7284174854939433,1.0,1057,200,exceso
aspect|Mercury|Uranus|opposition,0.03784295175023652,0.03666982024597911,0.004630174534095691,1.0319917440660495,0.2533665838336544,0.7661691542288557,0.7999849475928188,1.0,1057,200,exceso
aspect|Mercury|Neptune|conjunction,0.043519394512771994,0.04208609271523174,0.0057465122077736104,1.034056423513545,0.2494211698708916,0.8557213930348259,0.8030350113103972,1.0,1057,200,exceso
aspect|Mercury|Pluto|sextile,0.06338694418164617,0.06561967833491007,0.007365624534502814,0.9659746251441761,-0.3031289665669353,0.8756218905472637,0.7617915799015893,1.0,1057,200,déficit
aspect|Mercury|Pluto|trine,0.07473982970671712,0.08054399243140944,0.007320074753272351,0.9279379808539402,-0.7929103076573967,0.43781094527363185,0.427830081414456,1.0,1057,200,déficit
aspect|Mercury|Pluto|opposition,0.039735099337748346,0.0400236518448438,0.00487062619352597,0.9927904503013854,-0.05924341052470769,0.9850746268656716,0.9527582337424478,1.0,1057,200,déficit
aspect|Venus|Mars|sextile,0.08514664143803216,0.09077578051087992,0.007236073103490231,0.937988535695674,-0.7779273360481411,0.5572139303482587,0.4366118518468589,1.0,1057,200,déficit
aspect|Venus|Mars|square,0.07663197729422895,0.07742194891201495,0.007660604523744902,0.9897965418219612,-0.10312131573133658,0.9850746268656716,0.9178666877018977,1.0,1057,200,déficit
aspect|Venus|Mars|opposition,0.00946073793755913,0.012965941343424794,0.0034009461921843676,0.7296607077708862,-1.0306553552422815,0.3283582089552239,0.30270246761567826,1.0,1057,200,déficit
aspect|Venus|Jupiter|sextile,0.07947019867549669,0.07421002838221363,0.007573129192469853,1.0708822029576772,0.6945834620797668,0.4975124378109453,0.48731637933986616,1.0,1057,200,exceso
aspect|Venus|Jupiter|square,0.08987701040681173,0.08626773888363283,0.007353424470119661,1.0418380216044316,0.4908286659970504,0.6169154228855721,0.623547633373877,1.0,1057,200,exceso
aspect|Venus|Jupiter|trine,0.065279091769158,0.07255912961210959,0.006970412844423843,0.8996675141795444,-1.0444198938338976,0.3283582089552239,0.2962911634542366,1.0,1057,200,déficit
aspect|Venus|Jupiter|opposition,0.041627246925260174,0.03934720908230833,0.005092723572942701,1.0579466217840854,0.44770500701540805,0.7661691542288557,0.6543661076173276,1.0,1057,200,exceso
aspect|Moon|Saturn|square,0.07663197729422895,0.07798959318826848,0.00801793490764787,0.9825923454843236,-0.16932238907858604,0.8955223880597015,0.8655430663013055,1.0,1057,200,déficit
aspect|Moon|Saturn|trine,0.08230842005676443,0.0883916745506149,0.008258312795724941,0.9311784223482826,-0.736621952246659,0.5074626865671642,0.46135228144474805,1.0,1057,200,déficit
aspect|Moon|Saturn|opposition,0.04446546830652791,0.04493850520340592,0.0061773015801033,0.9894736842105251,-0.07657662342431759,1.0,0.9389603561402701,1.0,1057,200,déficit
aspect|Moon|Uranus|conjunction,0.046357615894039736,0.04441343424787134,0.006040501810590951,1.0437746298860366,0.32185763817827423,0.8059701492537313,0.7475605466768702,1.0,1057,200,exceso
aspect|Moon|Uranus|trine,0.07852412488174078,0.08963576158940403,0.009264252072805925,0.8760356747057887,-1.1994100139265533,0.26865671641791045,0.23036855569702672,1.0,1057,200,déficit
aspect|Mars|Uranus|sextile,0.06811731315042574,0.06916745506149469,0.006219236827435763,0.9848173984407075,-0.16885382245556457,0.9054726368159204,0.8659116218862074,1.0,1057,200,déficit
aspect|Venus|Saturn|conjunction,0.052980132450331126,0.05309839167455074,0.006708509066101617,0.9977728285077927,-0.017628242438724056,1.0,0.9859354259671147,1.0,1057,200,déficit
aspect|Venus|Saturn|sextile,0.065279091769158,0.0710312204351938,0.006731548310433729,0.9190197123068745,-0.8545030653824696,0.4577114427860697,0.3928263116755908,1.0,1057,200,déficit
aspect|Venus|Saturn|trine,0.09082308420056764,0.087166508987701,0.00825785937456318,1.0419493135073539,0.4427994044231437,0.6865671641791045,0.6579108341602918,1.0,1057,200,exceso
aspect|Venus|Saturn|opposition,0.03405865657521287,0.033278145695364206,0.005094708122439463,1.0234541577825171,0.15320031316630908,0.9353233830845771,0.8782403107167958,1.0,1057,200,exceso
aspect|Venus|Uranus|conjunction,0.04257332071901608,0.03838221381267733,0.005580961036453503,1.1091939857037236,0.7509650898767158,0.5174129353233831,0.45267366577783397,1.0,1057,200,exceso
aspect|Venus|Uranus|square,0.0804162724692526,0.08151371807000926,0.006743617864963007,0.9865366759517202,-0.16273840284730834,0.8855721393034826,0.8707244089272512,1.0,1057,200,déficit
aspect|Venus|Uranus|trine,0.08514664143803216,0.08379375591296108,0.007830016044890038,1.0161454217003516,0.1727819607667332,0.8955223880597015,0.8628228169977282,1.0,1057,200,exceso
aspect|Venus|Uranus|opposition,0.050141911069063384,0.04567644276253554,0.005425387194680171,1.0977630488815229,0.8230690541140422,0.417910447761194,0.4104687255729314,1.0,1057,200,exceso
aspect|Venus|Neptune|conjunction,0.039735099337748346,0.04315988647114473,0.005450531207397599,0.9206488382288475,-0.6283400650469031,0.5870646766169154,0.5297811907234466,1.0,1057,200,déficit
aspect|Venus|Neptune|sextile,0.06622516556291391,0.06591769157994318,0.006839971462113649,1.0046645138141381,0.044952524242801634,1.0,0.9641451508355456,1.0,1057,200,exceso
aspect|Venus|Neptune|square,0.09649952696310313,0.08726111636707656,0.00797372129050136,1.1058708733127347,1.1586071621329121,0.26865671641791045,0.24661634815888667,1.0,1057,200,exceso
aspect|Venus|Neptune|opposition,0.041627246925260174,0.04268684957426677,0.005581001331939215,0.9751773049645396,-0.1898588776430951,0.8955223880597015,0.8494197171768343,1.0,1057,200,déficit
aspect|Venus|Pluto|conjunction,0.046357615894039736,0.04766792809839178,0.00586327805183213,0.9725116602163321,-0.22347775301950806,0.8557213930348259,0.8231636958442423,1.0,1057,200,déficit
aspect|Mercury|Pluto|conjunction,0.04541154210028382,0.051934720908230946,0.005362210558618754,0.8743965752800784,-1.2165092617376485,0.2885572139303483,0.2237909850628906,1.0,1057,200,déficit
aspect|Mercury|Neptune|sextile,0.06338694418164617,0.07045884578997148,0.007233702958102027,0.8996307485733486,-0.977632292794731,0.3880597014925373,0.32825621977991,1.0,1057,200,déficit
aspect|Mercury|Neptune|square,0.09555345316934721,0.08647587511825915,0.007422837881379385,1.1049723756906087,1.2229255435929287,0.21890547263681592,0.2213578197382583,1.0,1057,200,exceso
aspect|Moon|Pluto|trine,0.08420056764427625,0.08962630085146643,0.00821351350502528,0.9394627117749509,-0.6605861430520024,0.5671641791044776,0.508877757932902,1.0,1057,200,déficit
aspect|Moon|Pluto|opposition,0.03878902554399243,0.04459791863765373,0.006641194361107788,0.8697496817988971,-0.8746759660701062,0.47761194029850745,0.3817502407994153,1.0,1057,200,déficit
aspect|Mercury|Venus|conjunction,0.130558183538316,0.1337133396404918,0.008914541084620692,0.9764035801464617,-0.3539336542650603,0.7860696517412935,0.7233886049561666,1.0,1057,200,déficit
aspect|Mercury|Venus|sextile,0.11258278145695365,0.11903973509933788,0.00737563075610656,0.9457579972183578,-0.8754442644838581,0.4079601990049751,0.38133222394379185,1.0,1057,200,déficit
aspect|Mercury|Venus|square,0.0,0.0,0.0,,,1.0,1.0,1.0,1057,200,exceso
aspect|Mercury|Venus|trine,0.0,0.0,0.0,,,1.0,1.0,1.0,1057,200,exceso
aspect|Mercury|Venus|opposition,0.0,0.0,0.0,,,1.0,1.0,1.0,1057,200,exceso
aspect|Mercury|Mars|conjunction,0.08514664143803216,0.08482024597918622,0.006487409531103249,1.003848084323241,0.050312140351409844,1.0,0.9598736494216102,1.0,1057,200,exceso
aspect|Mercury|Mars|sextile,0.09176915799432356,0.08186376537369897,0.008099606110667804,1.120998497630882,1.2229474477256899,0.2885572139303483,0.22134954591140907,1.0,1057,200,exceso
aspect|Mercury|Mars|square,0.08136234626300852,0.07592715231788062,0.007385722381178385,1.0715843249641792,0.7359055302401872,0.47761194029850745,0.46178819147833683,1.0,1057,200,exceso
aspect|Mercury|Mars|trine,0.043519394512771994,0.044626300851466426,0.005351894006064001,0.9751960992156028,-0.20682516085711775,0.9353233830845771,0.8361464054616431,1.0,1057,200,déficit
aspect|Mercury|Mars|opposition,0.010406811731315043,0.012322611163670777,0.0030504618667622015,0.8445297504798458,-0.6280358568747452,0.6965174129353234,0.5299804507886337,1.0,1057,200,déficit
aspect|Mercury|Jupiter|sextile,0.07379375591296121,0.07400662251655611,0.007248920544925904,0.9971236816874425,-0.029365283048095287,0.9651741293532339,0.9765732609710384,1.0,1057,200,déficit
aspect|Jupiter|Saturn|square,0.08703878902554399,0.08852412488174069,0.004057883039545609,0.9832211178796632,-0.3660371286509591,0.9253731343283582,0.7143373705748665,1.0,1057,200,déficit
aspect|Venus|Pluto|sextile,0.059602649006622516,0.06737464522232725,0.0067804920042229,0.8846450888155597,-1.1462289478203536,0.26865671641791045,0.25170043315830437,1.0,1057,200,déficit
aspect|Venus|Pluto|square,0.07757805108798486,0.07318826868495727,0.007335028840309937,1.0599793174767345,0.5984683221561955,0.527363184079602,0.5495274897813316,1.0,1057,200,exceso
aspect|Venus|Pluto|trine,0.08136234626300852,0.0822043519394511,0.007529141092262068,0.9897571642306386,-0.11183289914807557,1.0,0.9109559013893382,1.0,1057,200,déficit
aspect|Venus|Pluto|opposition,0.03784295175023652,0.042904446546830656,0.005544771049643661,0.8820286659316428,-0.9128410805923931,0.4577114427860697,0.36132612903261097,1.0,1057,200,déficit
aspect|Mars|Jupiter|conjunction,0.036896877956480605,0.03813623462630077,0.004387932406969112,0.967501860580503,-0.2824466183325355,0.9054726368159204,0.7776010731881355,1.0,1057,200,déficit
aspect|Mars|Jupiter|sextile,0.0728476821192053,0.07605014191106886,0.006533062628238148,0.957890153635631,-0.4901927279896921,0.7064676616915423,0.6239975261812309,1.0,1057,200,déficit
aspect|Mars|Jupiter|square,0.0946073793755913,0.08867076631977291,0.007753488946599171,1.0669511869831958,0.7656698934770904,0.43781094527363185,0.4438727452142734,1.0,1057,200,exceso
aspect|Mars|Jupiter|trine,0.07663197729422895,0.07917218543046332,0.006371267054979575,0.9679153970245594,-0.39869748266932703,0.7761194029850746,0.690116122947305,1.0,1057,200,déficit
aspect|Mars|Jupiter|opposition,0.06054872280037843,0.05536896877956491,0.005389435661377536,1.0935497650576655,0.9610939523656133,0.3482587064676617,0.3365049302024989,1.0,1057,200,exceso
aspect|Mars|Saturn|sextile,0.07757805108798486,0.07198202459791847,0.006251687236030097,1.0777419990799788,0.8951225931161495,0.47761194029850745,0.3707215577077916,1.0,1057,200,exceso
aspect|Mars|Saturn|square,0.07568590350047304,0.07370387890255423,0.006545388244558349,1.0268917271035258,0.3028123808494645,0.8557213930348259,0.7620328475914087,1.0,1057,200,exceso
aspect|Mars|Saturn|trine,0.06811731315042574,0.07245033112582766,0.006669119732231034,0.9401932619482914,-0.6497136277912329,0.527363184079602,0.5158772194426118,1.0,1057,200,déficit
aspect|Mars|Saturn|opposition,0.04541154210028382,0.04856669820245987,0.005062684302517843,0.9350345767994531,-0.6232180230173309,0.5870646766169154,0.5331412595899685,1.0,1057,200,déficit
aspect|Mars|Uranus|conjunction,0.03878902554399243,0.039049195837275216,0.004242581892749427,0.9933373712901296,-0.06132357603454045,1.0,0.9511015151731319,1.0,1057,200,déficit
aspect|Jupiter|Pluto|square,0.08987701040681173,0.0900236518448438,0.0038899055370827584,0.9983710787662246,-0.037697943210735614,1.0,0.9699285159128048,1.0,1057,200,déficit
aspect|Jupiter|Pluto|trine,0.07379375591296121,0.07343424787133376,0.003243580834543799,1.0048956454522058,0.11083677576298476,0.9950248756218906,0.911745782162508,1.0,1057,200,exceso
aspect|Mars|Uranus|square,0.07190160832544938,0.07394512771996198,0.006346413421247675,0.9723643807574229,-0.321995946193945,0.845771144278607,0.7474557655768356,1.0,1057,200,déficit
aspect|Mars|Uranus|trine,0.0804162724692526,0.0869016083254493,0.006654291366442746,0.9253715094442337,-0.9746095412806707,0.3482587064676617,0.3297539789746698,1.0,1057,200,déficit
aspect|Mars|Uranus|opposition,0.04919583727530748,0.051684011352885625,0.005507788025375296,0.9518579535053981,-0.4517555988202008,0.736318407960199,0.6514450597096565,1.0,1057,200,déficit
aspect|Mars|Neptune|conjunction,0.03784295175023652,0.03605487228003778,0.004266740155572733,1.0495932826029932,0.41907390771461717,0.7164179104477612,0.6751621190752248,1.0,1057,200,exceso
aspect|Mars|Neptune|sextile,0.046357615894039736,0.05041627246925271,0.005832445546064436,0.9194970913867497,-0.6958756053799144,0.4975124378109453,0.48650673573994024,1.0,1057,200,déficit
aspect|Mars|Neptune|square,0.0879848628192999,0.08798486281929987,0.006733312027910487,1.0000000000000002,4.122128233561478e-15,1.0,0.9999999999999967,1.0,1057,200,exceso
aspect|Mars|Neptune|trine,0.09649952696310313,0.09669820245979213,0.007132674924586789,0.9979454065159937,-0.02785427610112407,1.0,0.9777783766644177,1.0,1057,200,déficit
aspect|Mars|Neptune|opposition,0.06149479659413434,0.0564569536423842,0.0053188712994745885,1.0892333472978617,0.9471639128113131,0.3781094527363184,0.3435552610177238,1.0,1057,200,exceso
aspect|Mars|Pluto|conjunction,0.03595080416272469,0.03873226111636698,0.004711447683833749,0.9281875915974619,-0.5903614218589803,0.6268656716417911,0.554948368589554,1.0,1057,200,déficit
aspect|Mars|Pluto|sextile,0.06244087038789026,0.06402081362346258,0.006482910141137321,0.9753214127382895,-0.24370895187128885,0.7860696517412935,0.8074562397957474,1.0,1057,200,déficit
aspect|Mars|Pluto|square,0.09933774834437085,0.09073793755912968,0.007594805628187653,1.094776352830778,1.132327962854442,0.26865671641791045,0.2574965781813929,1.0,1057,200,exceso
aspect|Mars|Pluto|trine,0.09082308420056764,0.0869914853358561,0.006592736224827192,1.04404567699837,0.5811849183776464,0.6965174129353234,0.5611158310756525,1.0,1057,200,exceso
aspect|Mars|Pluto|opposition,0.04919583727530748,0.04719962157048256,0.004745832680157762,1.042293044698335,0.4206249649658019,0.6965174129353234,0.6740289608927521,1.0,1057,200,exceso
aspect|Jupiter|Saturn|conjunction,0.06717123935666983,0.06705298013245023,0.0026300196481462744,1.0017636684303366,0.044965148569498264,1.0,0.9641350882550564,1.0,1057,200,exceso
aspect|Saturn|Pluto|square,0.07095553453169347,0.07304162724692506,0.002656157892589885,0.9714396735962723,-0.7853797852346611,0.5472636815920398,0.43223092929310303,1.0,1057,200,déficit
aspect|Saturn|Pluto|trine,0.0804162724692526,0.07991958372753055,0.0028357441858115045,1.0062148564664126,0.1751528731707217,0.9850746268656716,0.8609595135663866,1.0,1057,200,exceso
aspect|Saturn|Pluto|opposition,0.011352885525070956,0.012431409649952728,0.0010304527266068837,0.9132420091324178,-1.0466507555695255,0.5771144278606966,0.29526068362393076,1.0,1057,200,déficit
aspect|Jupiter|Saturn|opposition,0.052980132450331126,0.05033112582781472,0.002771675657821378,1.0526315789473653,0.9557419227755564,0.4577114427860697,0.33920263660172506,1.0,1057,200,exceso
aspect|Jupiter|Uranus|conjunction,0.06338694418164617,0.06555818353831593,0.002803618204139245,0.9668807273252048,-0.7744418813746287,0.5771144278606966,0.4386695247267509,1.0,1057,200,déficit
aspect|Jupiter|Uranus|sextile,0.06244087038789026,0.060156102175969776,0.004020879341915075,1.03798065581505,0.5682260067103345,0.5771144278606966,0.5698815145060344,1.0,1057,200,exceso
aspect|Jupiter|Uranus|square,0.06338694418164617,0.06541154210028377,0.003677043279021993,0.9690483077813141,-0.5506048651067537,0.6467661691542289,0.5819045730599088,1.0,1057,200,déficit
aspect|Jupiter|Uranus|trine,0.0879848628192999,0.08777199621570468,0.003763363642747863,1.002425222312047,0.056562858071242485,1.0,0.9548934221184758,1.0,1057,200,exceso
aspect|Jupiter|Uranus|opposition,0.04541154210028382,0.04507568590350046,0.0024085674838901566,1.0074509392381155,0.139442302957985,1.0,0.8891006459423948,1.0,1057,200,exceso
aspect|Jupiter|Neptune|conjunction,0.039735099337748346,0.03952696310312193,0.0024988677062405015,1.0052656773575903,0.08329221835418817,1.0,0.9336191876490789,1.0,1057,200,exceso
aspect|Jupiter|Neptune|sextile,0.065279091769158,0.06448438978240298,0.0035467893128391208,1.0123239436619726,0.2240623608169383,0.9651741293532339,0.8227087796082466,1.0,1057,200,exceso
aspect|Jupiter|Neptune|square,0.06149479659413434,0.06491485335856191,0.0036949045188324993,0.947314727100489,-0.9256143824545223,0.44776119402985076,0.3546464162975973,1.0,1057,200,déficit
aspect|Jupiter|Neptune|trine,0.08609271523178808,0.08769157994323543,0.0035148792732367148,0.9817671809256678,-0.4548846737415874,0.736318407960199,0.6491922095350442,1.0,1057,200,déficit
aspect|Jupiter|Pluto|conjunction,0.048249763481551564,0.051433301797540375,0.002620150582382804,0.938103559275266,-1.215021127943591,0.2885572139303483,0.2243580332655873,1.0,1057,200,déficit
aspect|Jupiter|Pluto|sextile,0.050141911069063384,0.04966887417218558,0.0033073507864483684,1.0095238095238064,0.14302592238357023,0.9751243781094527,0.886269708557964,1.0,1057,200,exceso
aspect|Neptune|Pluto|sextile,0.6660359508041628,0.6680936613055803,0.005451255270468799,0.9969200269055144,-0.37747461810582295,0.7164179104477612,0.7058209234996868,1.0,1057,200,déficit
aspect|Neptune|Pluto|square,0.0,0.0,0.0,,,1.0,1.0,1.0,1057,200,exceso
aspect|Neptune|Pluto|trine,0.0,0.0,0.0,,,1.0,1.0,1.0,1057,200,exceso
aspect|Neptune|Pluto|opposition,0.0,0.0,0.0,,,1.0,1.0,1.0,1057,200,exceso
house|Sun|1,0.0879848628192999,0.08336802270577094,0.009124620746112486,1.0553790285973685,0.5059761103491288,0.6666666666666666,0.6128734205121402,1.0,1057,200,exceso
aspect|Jupiter|Pluto|opposition,0.03216650898770104,0.032133396404919565,0.0023239440946682967,1.001030472545268,0.0142484420591038,1.0,0.9886317727261674,1.0,1057,200,exceso
aspect|Saturn|Uranus|conjunction,0.041627246925260174,0.04294701986754958,0.0016397385750238035,0.9692697433638088,-0.8048678993053783,0.6268656716417911,0.4208959142619036,1.0,1057,200,déficit
aspect|Saturn|Uranus|sextile,0.07473982970671712,0.075875118259224,0.0022742981320728536,0.9850374064837935,-0.4991819394725267,0.7860696517412935,0.6176512167027175,1.0,1057,200,déficit
aspect|Saturn|Uranus|opposition,0.050141911069063384,0.04948438978240319,0.0024516919187298996,1.0132874486186756,0.26819082839773195,0.9154228855721394,0.788552434367099,1.0,1057,200,exceso
aspect|Saturn|Neptune|conjunction,0.052980132450331126,0.051239356669820414,0.0016135883404835858,1.0339734121122566,1.0788227311985956,0.4577114427860697,0.28066675950921693,1.0,1057,200,exceso
aspect|Saturn|Neptune|square,0.07095553453169347,0.07164143803216633,0.0022662496855099367,0.9904258831297482,-0.3026601635549799,0.9253731343283582,0.7621488595283163,1.0,1057,200,déficit
aspect|Saturn|Neptune|trine,0.08703878902554399,0.0863197729422893,0.002709707473515655,1.00832967996493,0.2653482304943459,0.9154228855721394,0.7907412131008669,1.0,1057,200,exceso
aspect|Saturn|Neptune|opposition,0.04446546830652791,0.04305108798486274,0.0017794396434293736,1.0328535325788393,0.794845909434356,0.5970149253731343,0.42670314181672503,1.0,1057,200,exceso
aspect|Saturn|Pluto|conjunction,0.07852412488174078,0.07918164616840093,0.0021506931541910583,0.9916960391899184,-0.30572528925329756,0.945273631840796,0.7598138166269247,1.0,1057,200,déficit
aspect|Saturn|Pluto|sextile,0.09555345316934721,0.09525543992431439,0.002306849682317334,1.00312856930029,0.12918624361057607,0.9850746268656716,0.8972102810028948,1.0,1057,200,exceso
aspect|Moon|Jupiter|conjunction,0.03784295175023652,0.045085146641438055,0.006375515430140299,0.8393662784597624,-1.1359387284930726,0.27860696517412936,0.25598220832191826,1.0,1057,200,déficit
aspect|Moon|Jupiter|sextile,0.07190160832544938,0.06663197729422889,0.008295807499650669,1.079085616924607,0.6352161656888008,0.6169154228855721,0.5252874413896936,1.0,1057,200,exceso
aspect|Moon|Jupiter|square,0.08514664143803216,0.07833017975402062,0.007816095374202995,1.0870221631741073,0.8721057456014744,0.43781094527363185,0.3831506919977558,1.0,1057,200,exceso
aspect|Moon|Jupiter|trine,0.09176915799432356,0.08771996215704819,0.008490150319090797,1.0461604831751516,0.4769286390807967,0.6169154228855721,0.6334129376519717,1.0,1057,200,exceso
aspect|Moon|Saturn|conjunction,0.03784295175023652,0.04384105960264899,0.006186352661567669,0.863185153215365,-0.9695709540898536,0.3582089552238806,0.33226039683824304,1.0,1057,200,déficit
aspect|Uranus|Neptune|conjunction,0.16367076631977295,0.16491012298959284,0.0012703183957766633,0.9924846537777544,-0.9756267987146305,0.5472636815920398,0.32924943933078044,1.0,1057,200,déficit
aspect|Uranus|Neptune|sextile,0.05203405865657521,0.05150898770104085,0.0016851906610148824,1.0101937735329198,0.31157955457582814,0.945273631840796,0.7553600743354836,1.0,1057,200,exceso
aspect|Uranus|Neptune|square,0.0,0.0,0.0,,,1.0,1.0,1.0,1057,200,exceso
aspect|Uranus|Neptune|trine,0.0,0.0,0.0,,,1.0,1.0,1.0,1057,200,exceso
aspect|Uranus|Neptune|opposition,0.0,0.0,0.0,,,1.0,1.0,1.0,1057,200,exceso
aspect|Uranus|Pluto|conjunction,0.0,0.0,0.0,,,1.0,1.0,1.0,1057,200,exceso
aspect|Uranus|Pluto|sextile,0.15799432355723747,0.1586944181646165,0.0024110731695069242,0.9955884106355095,-0.2903663879774304,1.0,0.7715359550193788,1.0,1057,200,déficit
aspect|Uranus|Pluto|square,0.17029328287606432,0.17004257332071862,0.0030074585514639138,1.0014743928561516,0.08336259704183323,1.0,0.9335632281944661,1.0,1057,200,exceso
aspect|Uranus|Pluto|trine,0.04068117313150426,0.042142857142857065,0.0019293339368136656,0.9653159726119672,-0.7576106880526895,0.6169154228855721,0.44868407983614583,1.0,1057,200,déficit
aspect|Uranus|Pluto|opposition,0.0,0.0,0.0,,,1.0,1.0,1.0,1057,200,exceso
aspect|Neptune|Pluto|conjunction,0.0,0.0,0.0,,,1.0,1.0,1.0,1057,200,exceso
house|Sun|8,0.07568590350047304,0.08415326395458836,0.00851585259577967,0.899381675098371,-0.9943056621613695,0.3582089552238806,0.3200740799431207,1.0,1057,200,déficit
house|Sun|10,0.08987701040681173,0.0831646168401134,0.008769218814941077,1.0807121324156777,0.7654494326520493,0.44776119402985076,0.4440039668622277,1.0,1057,200,exceso
house|Sun|11,0.07568590350047304,0.08456007568590344,0.008664454276509545,0.8950548221078547,-1.0242043990571263,0.417910447761194,0.3057387413950703,1.0,1057,200,déficit
house|Moon|1,0.0804162724692526,0.08385998107852403,0.007746003546767631,0.9589350180505426,-0.4445787545125088,0.6965174129353234,0.656624203743308,1.0,1057,200,déficit
house|Moon|2,0.08987701040681173,0.08320719016083246,0.00839510328925933,1.0801591813530427,0.7944893607816143,0.47761194029850745,0.4269106002554132,1.0,1057,200,exceso
house|Moon|3,0.07663197729422895,0.08231788079470186,0.008304196104142804,0.9309274796000475,-0.6847024599571194,0.5671641791044776,0.49353169642673744,1.0,1057,200,déficit
house|Moon|4,0.08893093661305582,0.08226111636707648,0.008803083305340074,1.0810810810810831,0.7576686502481845,0.46766169154228854,0.44864937112457426,1.0,1057,200,exceso
aspect|Moon|Venus|conjunction,0.039735099337748346,0.044810785241248874,0.006742108684469224,0.8867307083289337,-0.7528335927293219,0.5074626865671642,0.4515499175036635,1.0,1057,200,déficit
aspect|Moon|Venus|sextile,0.07000946073793755,0.067573320719016,0.008006067361482391,1.0360518025901306,0.30428672517070554,0.8258706467661692,0.7609094577452862,1.0,1057,200,exceso
aspect|Moon|Venus|trine,0.09082308420056764,0.08855723746452225,0.009206247790537761,1.0255862400512792,0.24612054635051694,0.8656716417910447,0.8055889185018128,1.0,1057,200,exceso
aspect|Moon|Venus|opposition,0.043519394512771994,0.04442762535477768,0.006146527727281941,0.9795570698466779,-0.1477632384174264,0.9751243781094527,0.8825296222888113,1.0,1057,200,déficit
aspect|Moon|Mars|sextile,0.06338694418164617,0.06734153263954581,0.007984308976618192,0.9412756392245023,-0.4952950179509006,0.6567164179104478,0.6203918871598243,1.0,1057,200,déficit
aspect|Moon|Mars|square,0.0728476821192053,0.07789025543992416,0.008357171454655442,0.9352605368638425,-0.6033827770650618,0.5970149253731343,0.5462540770474267,1.0,1057,200,déficit
aspect|Moon|Mars|trine,0.09744560075685904,0.08869441816461682,0.008382771734789794,1.0986666666666671,1.0439485732294806,0.31840796019900497,0.2965091834631644,1.0,1057,200,exceso
aspect|Moon|Mars|opposition,0.04257332071901608,0.044526963103122055,0.006259093168848861,0.9561245086582383,-0.31212866327491945,0.8955223880597015,0.7549427437995229,1.0,1057,200,déficit
house|Moon|9,0.08514664143803216,0.08329233680227043,0.008736456139165977,1.0222626079054993,0.2122490637191886,0.8258706467661692,0.831912731282773,1.0,1057,200,exceso
house|Moon|10,0.08514664143803216,0.08313623462630075,0.00841233041343466,1.024182076813657,0.23898333909005173,0.8059701492537313,0.8111185019513936,1.0,1057,200,exceso
house|Moon|11,0.09271523178807947,0.08257805108798477,0.008845707981395957,1.1227587787134115,1.1459999269040908,0.27860696517412936,0.2517951823045243,1.0,1057,200,exceso
house|Moon|12,0.08136234626300852,0.08501892147587498,0.00864788805432283,0.9569910421187353,-0.4228286941155117,0.6965174129353234,0.672420250732799,1.0,1057,200,déficit
house|Mercury|1,0.08325449385052035,0.08339640491958361,0.008229527681670068,0.9982983550765755,-0.01724413290198262,1.0,0.9862418544504219,1.0,1057,200,déficit
house|Mercury|3,0.08136234626300852,0.08164616840113512,0.008167122129737083,0.9965237543453093,-0.03475179305733406,1.0,0.972277660956919,1.0,1057,200,déficit
house|Mercury|4,0.08420056764427625,0.08267265846736031,0.00825404583902635,1.0184814327401746,0.18511033337030353,0.945273631840796,0.8531424968171253,1.0,1057,200,exceso
house|Mercury|5,0.08893093661305582,0.08198675496688727,0.008158548484536253,1.0846988229863854,0.8511540575300341,0.44776119402985076,0.3946837798814349,1.0,1057,200,exceso
house|Mercury|7,0.08514664143803216,0.08333491012298948,0.00911782445621676,1.0217403644207312,0.19870214915219164,0.8756218905472637,0.842495742767771,1.0,1057,200,exceso
house|Mercury|8,0.07568590350047304,0.08434247871333951,0.0076441310390905435,0.8973639932697715,-1.1324472551030975,0.3383084577114428,0.25744644745343953,1.0,1057,200,déficit
house|Sun|3,0.07757805108798486,0.08227057710501409,0.00874726083316996,0.9429622815087408,-0.5364566241394086,0.6169154228855721,0.5916430062255804,1.0,1057,200,déficit
house|Sun|4,0.0879848628192999,0.08228476821192039,0.008566242209001464,1.0692727795343506,0.6654136631100407,0.48756218905472637,0.5057859483109051,1.0,1057,200,exceso
house|Sun|5,0.07663197729422895,0.08217123935666969,0.008722832192950395,0.9325887974209905,-0.6350302218260542,0.6169154228855721,0.525408704509171,1.0,1057,200,déficit
house|Sun|6,0.08325449385052035,0.08307000946073778,0.008828056670435276,1.002220830248849,0.02089750855365429,0.945273631840796,0.9833274140772975,1.0,1057,200,exceso
house|Sun|7,0.07757805108798486,0.08336329233680213,0.008636698664490398,0.9306020541338039,-0.6698440542568845,0.4975124378109453,0.5029572067836672,1.0,1057,200,déficit
house|Mercury|11,0.08420056764427625,0.08419583727530737,0.008073791793869143,1.0000561829316266,0.0005858918696008119,1.0,0.9995325259496906,1.0,1057,200,exceso
house|Mercury|12,0.08136234626300852,0.0845600756859034,0.007908349333740934,0.9621839337659444,-0.40434852937664056,0.6666666666666666,0.6859564437509968,1.0,1057,200,déficit
house|Venus|1,0.07852412488174078,0.08346736045411529,0.008858441046353015,0.940776423916125,-0.5580254523914931,0.6467661691542289,0.5768270040114742,1.0,1057,200,déficit
house|Venus|3,0.08609271523178808,0.0840302743614001,0.008166989956765262,1.0245440216167538,0.2525337831081219,0.8258706467661692,0.8006285049209957,1.0,1057,200,exceso
house|Venus|4,0.08420056764427625,0.08186376537369901,0.008474109837630577,1.02854501329019,0.2757578454081765,0.7860696517412935,0.7827340632037397,1.0,1057,200,exceso
house|Venus|6,0.08325449385052035,0.08330179754020799,0.007976976741726342,0.9994321408290763,-0.005930027279658536,1.0,0.99526855051885,1.0,1057,200,déficit
house|Venus|7,0.0728476821192053,0.08268684957426664,0.008608960669973234,0.88100686498856,-1.1428984092561707,0.2885572139303483,0.2530807731028103,1.0,1057,200,déficit
house|Venus|8,0.09366130558183539,0.08394985808893082,0.00925428431121626,1.1156815236377995,1.049400166054356,0.39800995024875624,0.2939939818237995,1.0,1057,200,exceso
house|Venus|9,0.08893093661305582,0.08417218543046348,0.00837373137655394,1.056535910981231,0.5682951803202834,0.6169154228855721,0.5698345511317716,1.0,1057,200,exceso
house|Venus|10,0.07663197729422895,0.08409176915799421,0.008643986423857681,0.911289868931767,-0.8630036534041742,0.42786069651741293,0.38813545825988743,1.0,1057,200,déficit
house|Venus|11,0.08420056764427625,0.08441343424787123,0.008351964165442902,0.9974782852339602,-0.025487011124370323,1.0,0.9796665087444418,1.0,1057,200,déficit
house|Venus|12,0.08514664143803216,0.08280037842951737,0.008683847124267728,1.028336380255943,0.27018704670168153,0.835820895522388,0.7870163574742437,1.0,1057,200,exceso
house|Mars|1,0.09271523178807947,0.08226584673604526,0.008767013050551407,1.127019722845152,1.1918979693291314,0.27860696517412936,0.23330125452947353,1.0,1057,200,exceso
house|Moon|6,0.08609271523178808,0.08364711447492891,0.008853788944919077,1.029237120398124,0.2762208103303187,0.7960199004975125,0.7823784744511826,1.0,1057,200,exceso
house|Moon|7,0.09082308420056764,0.08272942289498567,0.008720408388202542,1.0978329235519488,0.9281287005470452,0.3880597014925373,0.3533408135448637,1.0,1057,200,exceso
house|Moon|8,0.07852412488174078,0.08436613055818341,0.008478634734175964,0.9307541351275596,-0.6890266958776374,0.5671641791044776,0.4908064680826242,1.0,1057,200,déficit
house|Saturn|9,0.08987701040681173,0.08336329233680212,0.009320003866056128,1.0781365261306266,0.6988964987163647,0.48756218905472637,0.48461671577275556,1.0,1057,200,exceso
house|Mars|3,0.08136234626300852,0.08382686849574256,0.008493189290044063,0.9705998532814188,-0.29017629874598627,0.8258706467661692,0.7716813673724453,1.0,1057,200,déficit
house|Mars|4,0.07947019867549669,0.08324030274361385,0.008780433981648546,0.9547081888958363,-0.4293755953289812,0.736318407960199,0.6676499110850151,1.0,1057,200,déficit
house|Mars|5,0.07947019867549669,0.08435193945127713,0.00884523127900561,0.9421265141318985,-0.5519065157026901,0.5671641791044776,0.5810124040323846,1.0,1057,200,déficit
house|Mars|6,0.08136234626300852,0.08359035004730357,0.009059488356305627,0.9733461603757583,-0.2459304208657994,0.845771144278607,0.8057360944322234,1.0,1057,200,déficit
house|Mars|9,0.07663197729422895,0.0828855250709554,0.008498426479981048,0.9245519917817616,-0.7358477232764613,0.4975124378109453,0.46182337439668064,1.0,1057,200,déficit
house|Mars|10,0.08987701040681173,0.0841154210028381,0.00835613806117492,1.0684962321448672,0.6895038547464495,0.5671641791044776,0.4905062482966776,1.0,1057,200,exceso
house|Jupiter|1,0.08420056764427625,0.08377956480605475,0.008203223023333964,1.0050251256281422,0.05132163748613912,0.9751243781094527,0.9590692266017078,1.0,1057,200,exceso
house|Jupiter|2,0.07473982970671712,0.08318353831598857,0.008184142179369134,0.8984930338356563,-1.031715777196129,0.29850746268656714,0.3022052842058408,1.0,1057,200,déficit
house|Jupiter|3,0.08609271523178808,0.0817880794701985,0.00789992185577773,1.0526315789473706,0.5448959926662196,0.6467661691542289,0.5858250525444418,1.0,1057,200,exceso
house|Jupiter|4,0.08136234626300852,0.08166508987701021,0.008505288043937709,0.9962928637627457,-0.035594751457885855,1.0,0.9716054934013322,1.0,1057,200,déficit
aspect|Moon|Mercury|sextile,0.07000946073793755,0.0670198675496688,0.007481588733155506,1.044607566346698,0.39959336110257443,0.7164179104477612,0.6894560470581848,1.0,1057,200,exceso
aspect|Moon|Mercury|square,0.07568590350047304,0.07992904446546809,0.008233476852742673,0.9469136533112413,-0.515352267442351,0.6368159203980099,0.6063068810858274,1.0,1057,200,déficit
aspect|Moon|Mercury|trine,0.08987701040681173,0.08877956480605491,0.00786894007355415,1.0123614663256604,0.13946549223892366,0.9253731343283582,0.8890823226126758,1.0,1057,200,exceso
aspect|Moon|Mercury|opposition,0.03878902554399243,0.044148533585619695,0.0065300326917492445,0.8786028072431155,-0.8207475053530819,0.46766169154228854,0.4117901053768905,1.0,1057,200,déficit
house|Jupiter|6,0.08325449385052035,0.08429517502365175,0.008756079913138336,0.9876543209876556,-0.11885240695095495,0.9353233830845771,0.9053922881530662,1.0,1057,200,déficit
house|Jupiter|7,0.08987701040681173,0.08439924314096486,0.008632225360463456,1.0649030377760358,0.6345718557042828,0.6069651741293532,0.525707688706426,1.0,1057,200,exceso
house|Jupiter|9,0.08703878902554399,0.08207663197729408,0.009229473755014875,1.0604576105123644,0.5376424680284402,0.6169154228855721,0.5908239051898897,1.0,1057,200,exceso
house|Jupiter|10,0.07568590350047304,0.08383632923368016,0.009138470095419201,0.9027816961011123,-0.891880768674031,0.42786069651741293,0.37245684364115816,1.0,1057,200,déficit
house|Jupiter|11,0.08703878902554399,0.08378429517502355,0.008806092173912266,1.0388437217705524,0.36957299404175725,0.6865671641791045,0.7117006762282058,1.0,1057,200,exceso
house|Jupiter|12,0.08230842005676443,0.08433301797540194,0.008419332928905145,0.9759928202827032,-0.240470110367851,0.9054726368159204,0.8099658319975497,1.0,1057,200,déficit
house|Saturn|3,0.07473982970671712,0.08275780510879835,0.00769467620637484,0.9031151757645056,-1.0420159584413105,0.29850746268656714,0.2974042802329445,1.0,1057,200,déficit
house|Saturn|4,0.08514664143803216,0.08259697256385982,0.008299974411896139,1.030868793310809,0.3071899680218245,0.8159203980099502,0.7586987809796133,1.0,1057,200,exceso
house|Saturn|5,0.08703878902554399,0.08419583727530736,0.008747598907531694,1.0337659419068501,0.32499795432879847,0.7263681592039801,0.7451826199390512,1.0,1057,200,exceso
house|Saturn|6,0.07379375591296121,0.08268684957426663,0.00843798855373449,0.8924485125858141,-1.053935260124228,0.3383084577114428,0.29191255823925805,1.0,1057,200,déficit
house|Saturn|7,0.08609271523178808,0.08168401135288539,0.008340109481525823,1.0539726662033837,0.5286146289408319,0.6368159203980099,0.5970728100570483,1.0,1057,200,exceso
house|Saturn|8,0.08893093661305582,0.08318353831598854,0.007695260713897413,1.069092976969009,0.746875058656251,0.5074626865671642,0.4551389825466424,1.0,1057,200,exceso
house|Uranus|1,0.07473982970671712,0.08317407757805097,0.008738997729729149,0.898595234032874,-0.9651275961133875,0.4577114427860697,0.3344809063427602,1.0,1057,200,déficit
house|Uranus|3,0.08987701040681173,0.08257332071901594,0.008825744577163862,1.0884509624198002,0.8275437413738097,0.4975124378109453,0.40792894035026955,1.0,1057,200,exceso
house|Uranus|5,0.08325449385052035,0.08503784295175017,0.00927937752306414,0.9790287589697956,-0.19218413054078873,0.8855721393034826,0.8475979761916748,1.0,1057,200,déficit
house|Uranus|6,0.08325449385052035,0.08473036896877946,0.007895872787814694,0.9825815096025025,-0.18691728678009564,0.8955223880597015,0.8517254851769376,1.0,1057,200,déficit
house|Uranus|7,0.08514664143803216,0.08293282876064319,0.007586065410006623,1.0266940451745397,0.2918262047238321,0.7661691542288557,0.7704195084330335,1.0,1057,200,exceso
house|Uranus|9,0.0879848628192999,0.08268211920529789,0.008378557425215068,1.0641341037816825,0.6328945837434419,0.48756218905472637,0.5268024850091564,1.0,1057,200,exceso
house|Uranus|10,0.07663197729422895,0.08353831598864697,0.008984760499589751,0.9173272933182349,-0.768672542215607,0.47761194029850745,0.4420877290585566,1.0,1057,200,déficit
house|Uranus|11,0.08514664143803216,0.08373226111636693,0.008554977576617207,1.0168917010338416,0.16532834937300916,0.9054726368159204,0.8686855462725152,1.0,1057,200,exceso
aspect|Sun|Neptune|conjunction,0.041627246925260174,0.04326395458845791,0.006021493872240498,0.9621692543188278,-0.2718108990765679,0.845771144278607,0.7857674243836288,1.0,1057,200,déficit
aspect|Sun|Neptune|trine,0.09649952696310313,0.09100756859035007,0.007481743534902747,1.0603461718384528,0.7340479324281521,0.48756218905472637,0.4629195253314223,1.0,1057,200,exceso
aspect|Sun|Neptune|opposition,0.04068117313150426,0.04257805108798484,0.0055696567373234845,0.9554493945117215,-0.34057358396419435,0.8059701492537313,0.7334246187122493,1.0,1057,200,déficit
aspect|Sun|Pluto|conjunction,0.05203405865657521,0.045463576158940436,0.005788794382446846,1.1445219019873052,1.1350347004133046,0.27860696517412936,0.25636077947395586,1.0,1057,200,exceso
aspect|Sun|Pluto|trine,0.08893093661305582,0.08330652790917678,0.007928024469563979,1.0675146215433553,0.7094338224448448,0.5074626865671642,0.47805530508702376,1.0,1057,200,exceso
lunar_phase|luna_llena,0.13245033112582782,0.12275307473982977,0.010411672784304736,1.078998073217726,0.9313831299631657,0.3582089552238806,0.3516554142225452,1.0,1057,200,exceso
lunar_phase|menguante_mayor,0.11920529801324503,0.1254824976348155,0.009503512881119409,0.9499754966637766,-0.6605136121866432,0.5870646766169154,0.50892428609553,1.0,1057,200,déficit
lunar_phase|menguante_menor,0.11447492904446546,0.1239167455061495,0.010215519026154746,0.9238051610932965,-0.9242620406765633,0.46766169154228854,0.35534990112410153,1.0,1057,200,déficit
lunar_distance|perigee,0.10785241248817408,0.11660832544938518,0.009839202882480814,0.9249117682852612,-0.8899006419312113,0.417910447761194,0.373519239225509,1.0,1057,200,déficit
house|Neptune|2,0.07757805108798486,0.08542573320719007,0.008426679240685553,0.9081344481975756,-0.9312900010855002,0.3582089552238806,0.35170357279040165,1.0,1057,200,déficit
house|Neptune|3,0.09271523178807947,0.0866792809839167,0.009247517654470565,1.0696354507749406,0.652710384526251,0.5671641791044776,0.51394300647451,1.0,1057,200,exceso
house|Neptune|4,0.0804162724692526,0.08313623462630075,0.008746282529181245,0.9672830725462317,-0.31098494108476565,0.746268656716418,0.755812069695694,1.0,1057,200,déficit
house|Neptune|9,0.08703878902554399,0.08624408703878894,0.008808032833968428,1.0092145677928925,0.09022468486836889,0.9552238805970149,0.9281086686345978,1.0,1057,200,exceso
house|Neptune|11,0.08230842005676443,0.07976821192052962,0.00798138900691224,1.0318448674613083,0.3182664238060422,0.835820895522388,0.7502828510666,1.0,1057,200,exceso
house|Neptune|12,0.07852412488174078,0.08115421002838202,0.008389427664227898,0.9675915131732361,-0.3134999492105757,0.8557213930348259,0.7539008592706864,1.0,1057,200,déficit
house|Pluto|1,0.09271523178807947,0.08676915799432351,0.009236722326613883,1.0685275036798785,0.6437428325222534,0.5373134328358209,0.5197422098912516,1.0,1057,200,exceso
house|Pluto|2,0.07852412488174078,0.08368495742667914,0.00890773725209684,0.9383302244078926,-0.5793651517643862,0.5970149253731343,0.5623428127816316,1.0,1057,200,déficit
house|Pluto|3,0.07379375591296121,0.08183538315988632,0.007781897855092541,0.9017341040462443,-1.0333760988217808,0.3781094527363184,0.30142792720073186,1.0,1057,200,déficit
house|Pluto|4,0.08514664143803216,0.07970198675496666,0.007669828646205699,1.068312659505018,0.7098795728323078,0.48756218905472637,0.4777788187363822,1.0,1057,200,exceso
house|Saturn|11,0.07757805108798486,0.08393566698202448,0.00951391094164747,0.9242560865644738,-0.6682442092461615,0.5771144278606966,0.5039777196587013,1.0,1057,200,déficit
angular|Moon|DSC,0.04730368968779565,0.044205298013245055,0.006382101165494018,1.0700909577314066,0.48548144164536416,0.6766169154228856,0.6273348739551986,1.0,1057,200,exceso
angular|Moon|MC,0.04257332071901608,0.04444181646168405,0.006357033414501242,0.957956359765832,-0.29392573875821987,0.845771144278607,0.7688146496874104,1.0,1057,200,déficit
angular|Moon|IC,0.050141911069063384,0.044640491958372774,0.006601141066082701,1.1232383172618412,0.8334042638412064,0.44776119402985076,0.40461677080424746,1.0,1057,200,exceso
angular|Mercury|ASC,0.04446546830652791,0.0445411542100284,0.006290118956938431,0.9983007646559044,-0.012032507496062841,1.0,0.9903996796994132,1.0,1057,200,déficit
angular|Mercury|DSC,0.04541154210028382,0.044626300851466454,0.006805805872138306,1.0175959296162806,0.11537814383334075,0.945273631840796,0.9081454019515974,1.0,1057,200,exceso
angular|Mercury|MC,0.04446546830652791,0.04458845789971619,0.00667852122110605,0.9972416719711434,-0.018415692503843163,1.0,0.9853072337579503,1.0,1057,200,déficit
angular|Mercury|IC,0.03878902554399243,0.04404446546830654,0.0062917901707647385,0.8806787670497259,-0.8352853133491148,0.46766169154228854,0.4035570845694541,1.0,1057,200,déficit
house|Pluto|6,0.07852412488174078,0.08603122043519384,0.007967570514219802,0.912739869137297,-0.9422063526209248,0.417910447761194,0.3460870021479957,1.0,1057,200,déficit
house|Pluto|7,0.08609271523178808,0.08555818353831586,0.008926289189204148,1.0062475811356237,0.05988285637425925,0.9353233830845771,0.9522489340203935,1.0,1057,200,exceso
house|Pluto|9,0.08136234626300852,0.08069536423841042,0.007850832866626183,1.0082654317369153,0.08495684928326933,1.0,0.9322956959128814,1.0,1057,200,exceso
house|Pluto|10,0.08136234626300852,0.08108325449385032,0.008356465047151311,1.0034420395542876,0.03339830509472973,0.9950248756218906,0.9733569612486325,1.0,1057,200,exceso
lunar_phase|luna_nueva,0.12109744560075686,0.12406811731315043,0.009446959916363235,0.9760561232270856,-0.31445795670711163,0.7960199004975125,0.7531732437159425,1.0,1057,200,déficit
lunar_phase|creciente_menor,0.12866603595080417,0.12732734153263953,0.010844404592195536,1.0105138016866666,0.12344563565325387,0.9154228855721394,0.9017542213726858,1.0,1057,200,exceso
lunar_phase|cuarto_creciente,0.11352885525070956,0.12591296121097445,0.010014185992331065,0.9016455030430537,-1.2366562763811981,0.26865671641791045,0.21621471762767286,1.0,1057,200,déficit
lunar_phase|creciente_mayor,0.12866603595080417,0.12404919583727533,0.011526884801582683,1.0372178157413054,0.4005279998022473,0.6766169154228856,0.6887676647391183,1.0,1057,200,exceso
aspect|Sun|Saturn|sextile,0.07190160832544938,0.06811258278145686,0.00719789934763839,1.0556288631154955,0.5264071308854419,0.6268656716417911,0.5986053621941301,1.0,1057,200,exceso
aspect|Sun|Saturn|square,0.07947019867549669,0.07258278145695349,0.007425904800333682,1.0948905109489075,0.9274852565082331,0.39800995024875624,0.3536746431871211,1.0,1057,200,exceso
aspect|Sun|Saturn|trine,0.0728476821192053,0.07977294228949837,0.00769515696705306,0.9131878557874786,-0.8999504753371098,0.42786069651741293,0.3681466068454822,1.0,1057,200,déficit
aspect|Sun|Uranus|conjunction,0.04541154210028382,0.04859981078524135,0.005754593722247622,0.9343975082733093,-0.5540388842102757,0.6368159203980099,0.5795522346421373,1.0,1057,200,déficit
aspect|Sun|Uranus|sextile,0.06622516556291391,0.06238410596026491,0.007361715382049088,1.0615711252653928,0.521761492167314,0.6766169154228856,0.6018364041808233,1.0,1057,200,exceso
aspect|Sun|Uranus|square,0.07568590350047304,0.07469725638599792,0.00732168441632921,1.0132353872459021,0.1350300092517216,0.9353233830845771,0.8925881476585195,1.0,1057,200,exceso
aspect|Sun|Uranus|trine,0.09649952696310313,0.09685903500473059,0.00891922327295567,0.9962883375659286,-0.04030710193314012,1.0,0.9678482918580509,1.0,1057,200,déficit
lunar_distance|apogee,0.24976348155156103,0.24794228949858094,0.013229041909343228,1.0073452256033577,0.13766620934913246,0.8756218905472637,0.8905042261007301,1.0,1057,200,exceso
tidal|spring,0.4966887417218543,0.49478713339640507,0.016018099872533234,1.00384328572248,0.11871622355844921,0.9651741293532339,0.9055001829059328,1.0,1057,200,exceso
tidal|neap,0.5033112582781457,0.5052128666035949,0.01601809987253324,0.9962360255425933,-0.11871622355844569,0.9651741293532339,0.9055001829059356,1.0,1057,200,déficit
tidal|spring_perigee,0.1400189214758751,0.14765373699148499,0.011792266566556202,0.9482924328826831,-0.6474425821803262,0.5472636815920398,0.5173455441421464,1.0,1057,200,déficit
angular|Sun|ASC,0.04730368968779565,0.04425260170293281,0.00629589214627508,1.068947087119188,0.4846156690705054,0.7064676616915423,0.6279489967080527,1.0,1057,200,exceso
angular|Sun|DSC,0.046357615894039736,0.04445600756859037,0.006771273613011745,1.0427750585230897,0.2808346603798758,0.8656716417910447,0.7788372178377172,1.0,1057,200,exceso
angular|Sun|MC,0.04446546830652791,0.043651844843897815,0.0063997676267479224,1.0186389250108367,0.12713328203191976,0.9154228855721394,0.8988349099270783,1.0,1057,200,exceso
angular|Sun|IC,0.048249763481551564,0.04472090823084203,0.006166158698751416,1.078908398561455,0.5722939390814076,0.6766169154228856,0.5671228551609911,1.0,1057,200,exceso
aspect|Mercury|Jupiter|square,0.07852412488174078,0.07395458845789955,0.006856504187971653,1.0617884098759138,0.6664528013936826,0.5771144278606966,0.5051217225037619,1.0,1057,200,exceso
angular|Uranus|ASC,0.04068117313150426,0.04438978240302747,0.006807292671871204,0.9164535379369133,-0.5447994452842847,0.6666666666666666,0.5858914602449319,1.0,1057,200,déficit
aspect|Sun|Moon|trine,0.07947019867549669,0.08779564806054867,0.008208321931106145,0.9051724137931041,-1.0142693543124772,0.3283582089552239,0.31045424293435936,1.0,1057,200,déficit
aspect|Sun|Moon|opposition,0.041627246925260174,0.04393093661305583,0.006128747748190704,0.9475611069236565,-0.37588260807042373,0.8059701492537313,0.7070041707417671,1.0,1057,200,déficit
aspect|Sun|Mercury|conjunction,0.24408703878902555,0.2336660359508045,0.011457971772119602,1.0445978500718651,0.9094980373034433,0.39800995024875624,0.3630872933639342,1.0,1057,200,exceso
aspect|Sun|Mercury|sextile,0.0,0.0,0.0,,,1.0,1.0,1.0,1057,200,exceso
aspect|Sun|Mercury|square,0.0,0.0,0.0,,,1.0,1.0,1.0,1057,200,exceso
aspect|Sun|Mercury|trine,0.0,0.0,0.0,,,1.0,1.0,1.0,1057,200,exceso
aspect|Sun|Mercury|opposition,0.0,0.0,0.0,,,1.0,1.0,1.0,1057,200,exceso
aspect|Sun|Venus|conjunction,0.12677388836329234,0.12848155156102167,0.006531699330752779,0.9867088840617069,-0.26144240744353475,0.9651741293532339,0.7937513574626015,1.0,1057,200,déficit
aspect|Sun|Venus|sextile,0.0,0.0,0.0,,,1.0,1.0,1.0,1057,200,exceso
aspect|Sun|Venus|square,0.0,0.0,0.0,,,1.0,1.0,1.0,1057,200,exceso
aspect|Sun|Venus|trine,0.0,0.0,0.0,,,1.0,1.0,1.0,1057,200,exceso
aspect|Sun|Venus|opposition,0.0,0.0,0.0,,,1.0,1.0,1.0,1057,200,exceso
aspect|Sun|Mars|conjunction,0.08893093661305582,0.0853122043519393,0.005418981288179792,1.0424175214860012,0.6677882924249827,0.5671641791044776,0.5042687408742121,1.0,1057,200,exceso
aspect|Sun|Mars|sextile,0.10879848628192999,0.10021759697256413,0.007156546808719025,1.085622580949681,1.1990265052010167,0.26865671641791045,0.2305176395331011,1.0,1057,200,exceso
aspect|Sun|Moon|sextile,0.0728476821192053,0.0667455061494796,0.007509377680412198,1.0914245216158762,0.8126074129475314,0.47761194029850745,0.4164431800621168,1.0,1057,200,exceso
angular|Saturn|IC,0.04730368968779565,0.04388363292336801,0.006220601722178725,1.0779346771585645,0.5497951672800208,0.6268656716417911,0.5824598737350424,1.0,1057,200,exceso
